Model,Accuracy,Precision,Recall,F1-Score
Random Forest,0.975,0.9877750611246944,0.9758454106280193,0.9817739975698664
Decision Tree,0.9683333333333334,0.9782082324455206,0.9758454106280193,0.977025392986699
Support Vector Machine,0.8633333333333333,0.8842592592592593,0.9227053140096618,0.9030732860520095
Logistic Regression,0.8116666666666666,0.8491879350348028,0.8840579710144928,0.8662721893491124
